insert into USERS values (1, 'abhishek', 'abhishek.roychoudhury@email.com');
insert into USERS values (2, 'srinivas', 'srinivas.kaja@email.com');
insert into USERS values (3, 'shankar', 'shankar.kuppusamy@email.com');

insert into LOCATION_MASTER (locationId, parentLocationId, area, code, latitude, longitude) values (211, 211, 'Hyderabad', 'HYD', '20.385181', '72.911453');
insert into REPORT_CATEGORY (categoryId, reportCategory) values (211, 'Accident');
insert into REPORT_ASSOCIATION (categoryId, locationId, reportId, categoryField, categoryValue) values (211, 211, 211, 'No. of Persons', '20890');

insert into LOCATION_MASTER (locationId, parentLocationId, area, code, latitude, longitude) values (212, 212, 'Hyderabad', 'HYD', '20.385181', '72.911453');
insert into REPORT_CATEGORY (categoryId, reportCategory) values (212, 'Weather');
insert into REPORT_ASSOCIATION (categoryId, locationId, reportId, categoryField, categoryValue) values (212, 212, 212, 'No. of Persons', '20890');

insert into LOCATION_MASTER (locationId, parentLocationId, area, code, latitude, longitude) values (213, 213, 'Hyderabad', 'HYD', '20.385181', '72.911453');
insert into REPORT_CATEGORY (categoryId, reportCategory) values (213, 'Customers');
insert into REPORT_ASSOCIATION (categoryId, locationId, reportId, categoryField, categoryValue) values (213, 213, 213, 'No. of Persons', '20890');

insert into LOCATION_MASTER (locationId, parentLocationId, area, code, latitude, longitude) values (214, 214, 'Chennai', 'CHN', '20.385181', '72.911453');
insert into REPORT_CATEGORY (categoryId, reportCategory) values (214, 'Population');
insert into REPORT_ASSOCIATION (categoryId, locationId, reportId, categoryField, categoryValue) values (214, 214, 214, 'No. of Persons', '12321');

insert into LOCATION_MASTER (locationId, parentLocationId, area, code, latitude, longitude) values (215, 215, 'Chennai', 'CHN', '20.385181', '72.911453');
insert into REPORT_CATEGORY (categoryId, reportCategory) values (215, 'Box Office');
insert into REPORT_ASSOCIATION (categoryId, locationId, reportId, categoryField, categoryValue) values (215, 215, 215, 'No. of Persons', '12321');

insert into LOCATION_MASTER (locationId, parentLocationId, area, code, latitude, longitude) values (216, 216, 'Chennai', 'CHN', '20.385181', '72.911453');
insert into REPORT_CATEGORY (categoryId, reportCategory) values (216, 'Pollution');
insert into REPORT_ASSOCIATION (categoryId, locationId, reportId, categoryField, categoryValue) values (216, 216, 216, 'No. of Persons', '12321');

insert into LOCATION_MASTER (locationId, parentLocationId, area, code, latitude, longitude) values (11, 11, 'Hyderabad', 'HYD', '20.385181', '72.91453');
insert into REPORT_CATEGORY (categoryId, reportCategory) values (11, 'Accident');
insert into REPORT_ASSOCIATION (categoryId, locationId, reportId, categoryField, categoryValue) values (11, 11, 11, 'No. of Persons', '20890');

insert into LOCATION_MASTER (locationId, parentLocationId, area, code, latitude, longitude) values (12, 12, 'Hyderabad', 'HYD', '20.385181', '72.91453');
insert into REPORT_CATEGORY (categoryId, reportCategory) values (12, 'Weather');
insert into REPORT_ASSOCIATION (categoryId, locationId, reportId, categoryField, categoryValue) values (12, 12, 12, 'No. of Persons', '20890');

insert into LOCATION_MASTER (locationId, parentLocationId, area, code, latitude, longitude) values (13, 13, 'Hyderabad', 'HYD', '20.385181', '72.91453');
insert into REPORT_CATEGORY (categoryId, reportCategory) values (13, 'Customers');
insert into REPORT_ASSOCIATION (categoryId, locationId, reportId, categoryField, categoryValue) values (13, 13, 13, 'No. of Persons', '20890');

insert into LOCATION_MASTER (locationId, parentLocationId, area, code, latitude, longitude) values (14, 14, 'Chennai', 'CHN', '20.385181', '72.91453');
insert into REPORT_CATEGORY (categoryId, reportCategory) values (14, 'Population');
insert into REPORT_ASSOCIATION (categoryId, locationId, reportId, categoryField, categoryValue) values (14, 14, 14, 'No. of Persons', '12321');

insert into LOCATION_MASTER (locationId, parentLocationId, area, code, latitude, longitude) values (15, 15, 'Chennai', 'CHN', '20.385181', '72.91453');
insert into REPORT_CATEGORY (categoryId, reportCategory) values (15, 'Box Office');
insert into REPORT_ASSOCIATION (categoryId, locationId, reportId, categoryField, categoryValue) values (15, 15, 15, 'No. of Persons', '12321');

insert into LOCATION_MASTER (locationId, parentLocationId, area, code, latitude, longitude) values (16, 16, 'Chennai', 'CHN', '20.385181', '72.91453');
insert into REPORT_CATEGORY (categoryId, reportCategory) values (16, 'Pollution');
insert into REPORT_ASSOCIATION (categoryId, locationId, reportId, categoryField, categoryValue) values (16, 16, 16, 'No. of Persons', '12321');
