insert into USERS values (1, 'abhishek', 'abhishek.roychoudhury@email.com');
insert into USERS values (2, 'srinivas', 'srinivas.kaja@email.com');
insert into USERS values (3, 'shankar', 'shankar.kuppusamy@email.com');

insert into LOCATION_MASTER (locationId, parentLocationId, area, code, latitude, longitude) values (111, 111, 'Hyderabad', 'HYD', '20.385181', '72.911453');
insert into REPORT_CATEGORY (categoryId, reportCategory) values (111, 'Accident');
insert into REPORT_ASSOCIATION (categoryId, locationId, reportId, categoryField, categoryValue) values (111, 111, 111, 'No. of Persons', '20890');

insert into LOCATION_MASTER (locationId, parentLocationId, area, code, latitude, longitude) values (112, 112, 'Hyderabad', 'HYD', '20.385181', '72.911453');
insert into REPORT_CATEGORY (categoryId, reportCategory) values (112, 'Weather');
insert into REPORT_ASSOCIATION (categoryId, locationId, reportId, categoryField, categoryValue) values (112, 112, 112, 'No. of Persons', '20890');

insert into LOCATION_MASTER (locationId, parentLocationId, area, code, latitude, longitude) values (113, 113, 'Hyderabad', 'HYD', '20.385181', '72.911453');
insert into REPORT_CATEGORY (categoryId, reportCategory) values (113, 'Customers');
insert into REPORT_ASSOCIATION (categoryId, locationId, reportId, categoryField, categoryValue) values (113, 113, 113, 'No. of Persons', '20890');

insert into LOCATION_MASTER (locationId, parentLocationId, area, code, latitude, longitude) values (114, 114, 'Chennai', 'CHN', '20.385181', '72.911453');
insert into REPORT_CATEGORY (categoryId, reportCategory) values (114, 'Population');
insert into REPORT_ASSOCIATION (categoryId, locationId, reportId, categoryField, categoryValue) values (114, 114, 114, 'No. of Persons', '12321');

insert into LOCATION_MASTER (locationId, parentLocationId, area, code, latitude, longitude) values (115, 115, 'Chennai', 'CHN', '20.385181', '72.911453');
insert into REPORT_CATEGORY (categoryId, reportCategory) values (115, 'Box Office');
insert into REPORT_ASSOCIATION (categoryId, locationId, reportId, categoryField, categoryValue) values (115, 115, 115, 'No. of Persons', '12321');

insert into LOCATION_MASTER (locationId, parentLocationId, area, code, latitude, longitude) values (116, 116, 'Chennai', 'CHN', '20.385181', '72.911453');
insert into REPORT_CATEGORY (categoryId, reportCategory) values (116, 'Pollution');
insert into REPORT_ASSOCIATION (categoryId, locationId, reportId, categoryField, categoryValue) values (116, 116, 116, 'No. of Persons', '12321');

insert into LOCATION_MASTER (locationId, parentLocationId, area, code, latitude, longitude) values (11, 11, 'Hyderabad', 'HYD', '20.385181', '72.91453');
insert into REPORT_CATEGORY (categoryId, reportCategory) values (11, 'Accident');
insert into REPORT_ASSOCIATION (categoryId, locationId, reportId, categoryField, categoryValue) values (11, 11, 11, 'No. of Persons', '20890');

insert into LOCATION_MASTER (locationId, parentLocationId, area, code, latitude, longitude) values (12, 12, 'Hyderabad', 'HYD', '20.385181', '72.91453');
insert into REPORT_CATEGORY (categoryId, reportCategory) values (12, 'Weather');
insert into REPORT_ASSOCIATION (categoryId, locationId, reportId, categoryField, categoryValue) values (12, 12, 12, 'No. of Persons', '20890');

insert into LOCATION_MASTER (locationId, parentLocationId, area, code, latitude, longitude) values (13, 13, 'Hyderabad', 'HYD', '20.385181', '72.91453');
insert into REPORT_CATEGORY (categoryId, reportCategory) values (13, 'Customers');
insert into REPORT_ASSOCIATION (categoryId, locationId, reportId, categoryField, categoryValue) values (13, 13, 13, 'No. of Persons', '20890');

insert into LOCATION_MASTER (locationId, parentLocationId, area, code, latitude, longitude) values (14, 14, 'Chennai', 'CHN', '20.385181', '72.91453');
insert into REPORT_CATEGORY (categoryId, reportCategory) values (14, 'Population');
insert into REPORT_ASSOCIATION (categoryId, locationId, reportId, categoryField, categoryValue) values (14, 14, 14, 'No. of Persons', '12321');

insert into LOCATION_MASTER (locationId, parentLocationId, area, code, latitude, longitude) values (15, 15, 'Chennai', 'CHN', '20.385181', '72.91453');
insert into REPORT_CATEGORY (categoryId, reportCategory) values (15, 'Box Office');
insert into REPORT_ASSOCIATION (categoryId, locationId, reportId, categoryField, categoryValue) values (15, 15, 15, 'No. of Persons', '12321');

insert into LOCATION_MASTER (locationId, parentLocationId, area, code, latitude, longitude) values (16, 16, 'Chennai', 'CHN', '20.385181', '72.91453');
insert into REPORT_CATEGORY (categoryId, reportCategory) values (16, 'Pollution');
insert into REPORT_ASSOCIATION (categoryId, locationId, reportId, categoryField, categoryValue) values (16, 16, 16, 'No. of Persons', '12321');
